{
    "id": "CxlJMErteQLDFFNbZWXs",
    "uid": "cebc1bfd-cb95-4cf6-a792-148a732d79ca",
    "name": "mkNP",
    "kind": "RGL",
    "examples": null,
    "blocklyXml": "<?xml version=\"1.0\" encoding=\"UTF-8\"?><xml xmlns=\"http://www.w3.org/1999/xhtml\"><variables><variable id=\"uaSVzePMjxRnLokm\" type=\"\">CN</variable><variable id=\"GiXEnCwjmStxFRoK\" type=\"\">NP</variable></variables><block deletable=\"false\" id=\"yVVqlHfenBnMLTbq\" type=\"Document-plan\" x=\"260\" y=\"120\"><statement name=\"segments\"><block id=\"KzhqHWiWgDvGoVen\" type=\"Segment\"><mutation value_count=\"1\" value_sequence=\"value_\"/><value name=\"value_0\"><block id=\"wzFTHawGzxYqMqceKnIm\" type=\"AMR\"><mutation concept_id=\"Syntax.mkCN/CN-&gt;Adv-&gt;CN\" concept_kind=\"CN\" concept_label=\"mkCN\" roles=\"[{&quot;id&quot;:&quot;VflnrFZtPJpZtWIJ&quot;,&quot;fieldLabel&quot;:&quot;CN&quot;,&quot;__typename&quot;:&quot;ThematicRole&quot;,&quot;fieldType&quot;:[&quot;List&quot;,&quot;Str&quot;,&quot;N3&quot;,&quot;N&quot;,&quot;N2&quot;,&quot;CN&quot;]},{&quot;id&quot;:&quot;rGVJrVTLpQFcwJOl&quot;,&quot;fieldLabel&quot;:&quot;Adv&quot;,&quot;__typename&quot;:&quot;ThematicRole&quot;,&quot;fieldType&quot;:[&quot;List&quot;,&quot;Str&quot;,&quot;N&quot;,&quot;A&quot;,&quot;Adv&quot;]}]\"/><value name=\"VflnrFZtPJpZtWIJ\"><block id=\"WlUGytidLMojlxio\" type=\"Get-var\"><field id=\"uaSVzePMjxRnLokm\" name=\"name\" variabletype=\"\">CN</field></block></value><value name=\"rGVJrVTLpQFcwJOl\"><block id=\"oSsDClqlTXUmvHkoAPwJ\" type=\"AMR\"><mutation concept_id=\"Syntax.mkAdv/Prep-&gt;NP-&gt;Adv\" concept_kind=\"Adv\" concept_label=\"mkAdv\" roles=\"[{&quot;id&quot;:&quot;mvIwJJAqVnfdKGeV&quot;,&quot;fieldLabel&quot;:&quot;Prep&quot;,&quot;__typename&quot;:&quot;ThematicRole&quot;,&quot;fieldType&quot;:[&quot;List&quot;,&quot;Str&quot;,&quot;Case&quot;,&quot;Prep&quot;]},{&quot;id&quot;:&quot;FDmFzyZEunbQIUBA&quot;,&quot;fieldLabel&quot;:&quot;NP&quot;,&quot;__typename&quot;:&quot;ThematicRole&quot;,&quot;fieldType&quot;:[&quot;List&quot;,&quot;Str&quot;,&quot;Unit&quot;,&quot;Pron&quot;,&quot;Dig&quot;,&quot;Digits&quot;,&quot;Sub1000&quot;,&quot;N3&quot;,&quot;Card&quot;,&quot;PN&quot;,&quot;Quant&quot;,&quot;Sub100&quot;,&quot;CN&quot;,&quot;Numeral&quot;,&quot;N&quot;,&quot;N2&quot;,&quot;Det&quot;,&quot;NP&quot;]}]\"/><value name=\"mvIwJJAqVnfdKGeV\"><block id=\"wcKeypHJLsjOtYlJoCli\" type=\"AMR\"><mutation concept_id=\"Syntax.on_Prep/Prep\" concept_kind=\"Prep\" concept_label=\"on_Prep\" roles=\"[]\"/></block></value><value name=\"FDmFzyZEunbQIUBA\"><block id=\"TwbikUtIavpOlLfI\" type=\"Get-var\"><field id=\"GiXEnCwjmStxFRoK\" name=\"name\" variabletype=\"\">NP</field></block></value></block></value></block></value></block></statement></block></xml>",
    "documentPlan": {
        "type": "Document-plan",
        "segments": [
            {
                "children": [
                    {
                        "roles": [
                            {
                                "children": [
                                    {
                                        "name": "uaSVzePMjxRnLokm",
                                        "type": "Get-var",
                                        "srcId": "WlUGytidLMojlxio"
                                    }
                                ],
                                "name": "CN",
                                "label": "CN"
                            },
                            {
                                "children": [
                                    {
                                        "roles": [
                                            {
                                                "children": [
                                                    {
                                                        "type": "AMR",
                                                        "srcId": "wcKeypHJLsjOtYlJoCli",
                                                        "conceptId": "Syntax.on_Prep/Prep",
                                                        "kind": "Prep"
                                                    }
                                                ],
                                                "name": "Prep",
                                                "label": "Prep"
                                            },
                                            {
                                                "children": [
                                                    {
                                                        "name": "GiXEnCwjmStxFRoK",
                                                        "type": "Get-var",
                                                        "srcId": "TwbikUtIavpOlLfI"
                                                    }
                                                ],
                                                "name": "NP",
                                                "label": "NP"
                                            }
                                        ],
                                        "type": "AMR",
                                        "srcId": "oSsDClqlTXUmvHkoAPwJ",
                                        "conceptId": "Syntax.mkAdv/Prep->NP->Adv",
                                        "kind": "Adv"
                                    }
                                ],
                                "name": "Adv",
                                "label": "Adv"
                            }
                        ],
                        "type": "AMR",
                        "srcId": "wzFTHawGzxYqMqceKnIm",
                        "conceptId": "Syntax.mkCN/CN->Adv->CN",
                        "kind": "CN"
                    }
                ],
                "type": "Segment",
                "srcId": "KzhqHWiWgDvGoVen"
            }
        ],
        "srcId": "yVVqlHfenBnMLTbq"
    }
}