{
    "id": "EnYHnBajOZEMhpwQmllv",
    "uid": "404bec58-35bf-4d38-a50c-711fefbb076e",
    "name": "mkNP",
    "kind": "RGL",
    "examples": null,
    "blocklyXml": "<?xml version=\"1.0\" encoding=\"UTF-8\"?><xml xmlns=\"http://www.w3.org/1999/xhtml\"><variables><variable id=\"VANqObfvgLeairHF\" type=\"\">CN</variable></variables><block deletable=\"false\" id=\"FjCJceYvwpRxwczW\" type=\"Document-plan\" x=\"260\" y=\"120\"><statement name=\"segments\"><block id=\"ejljODqbJXDDsAXU\" type=\"Segment\"><mutation value_count=\"1\" value_sequence=\"value_\"/><value name=\"value_0\"><block id=\"lwmzNZGyebpKpvGYCAaY\" type=\"AMR\"><mutation concept_id=\"Syntax.mkNP/Det-&gt;CN-&gt;NP\" concept_kind=\"NP\" concept_label=\"mkNP\" roles=\"[{&quot;id&quot;:&quot;nBniBAoWueSXYplA&quot;,&quot;fieldLabel&quot;:&quot;Det&quot;,&quot;__typename&quot;:&quot;ThematicRole&quot;,&quot;fieldType&quot;:[&quot;List&quot;,&quot;Str&quot;,&quot;Unit&quot;,&quot;Pron&quot;,&quot;Dig&quot;,&quot;Digits&quot;,&quot;Sub1000&quot;,&quot;Card&quot;,&quot;Quant&quot;,&quot;Sub100&quot;,&quot;Numeral&quot;,&quot;Det&quot;]},{&quot;id&quot;:&quot;yJfdNwKwRHiFxpdY&quot;,&quot;fieldLabel&quot;:&quot;CN&quot;,&quot;__typename&quot;:&quot;ThematicRole&quot;,&quot;fieldType&quot;:[&quot;List&quot;,&quot;Str&quot;,&quot;N3&quot;,&quot;N&quot;,&quot;N2&quot;,&quot;CN&quot;]}]\"/><value name=\"nBniBAoWueSXYplA\"><block id=\"KpIYlxCIzXvMGudiWMKU\" type=\"AMR\"><mutation concept_id=\"Syntax.mkDet/Quant-&gt;Num-&gt;Det\" concept_kind=\"Det\" concept_label=\"mkDet\" roles=\"[{&quot;id&quot;:&quot;jZTWHOfTXsaQQMCQ&quot;,&quot;fieldLabel&quot;:&quot;Quant&quot;,&quot;__typename&quot;:&quot;ThematicRole&quot;,&quot;fieldType&quot;:[&quot;List&quot;,&quot;Str&quot;,&quot;Pron&quot;,&quot;Quant&quot;]},{&quot;id&quot;:&quot;FMlOaGkpjrNBNMol&quot;,&quot;fieldLabel&quot;:&quot;Num&quot;,&quot;__typename&quot;:&quot;ThematicRole&quot;,&quot;fieldType&quot;:[&quot;List&quot;,&quot;Str&quot;,&quot;Unit&quot;,&quot;Dig&quot;,&quot;Digits&quot;,&quot;Sub1000&quot;,&quot;Card&quot;,&quot;Sub100&quot;,&quot;Numeral&quot;,&quot;Digit&quot;,&quot;Num&quot;]}]\"/><value name=\"jZTWHOfTXsaQQMCQ\"><block id=\"rrYmqezOUEzyPmQmAoOa\" type=\"AMR\"><mutation concept_id=\"Syntax.a_Quant/Quant\" concept_kind=\"Quant\" concept_label=\"a_Quant\" roles=\"[]\"/></block></value><value name=\"FMlOaGkpjrNBNMol\"><block id=\"jcgjGLGYSejrjnAxzcxs\" type=\"AMR\"><mutation concept_id=\"Syntax.singularNum/Num\" concept_kind=\"Num\" concept_label=\"singularNum\" roles=\"[]\"/></block></value></block></value><value name=\"yJfdNwKwRHiFxpdY\"><block id=\"DNCePxgKZWaprPzR\" type=\"Get-var\"><field id=\"VANqObfvgLeairHF\" name=\"name\" variabletype=\"\">CN</field></block></value></block></value></block></statement></block></xml>",
    "documentPlan": {
        "type": "Document-plan",
        "segments": [
            {
                "children": [
                    {
                        "roles": [
                            {
                                "children": [
                                    {
                                        "roles": [
                                            {
                                                "children": [
                                                    {
                                                        "type": "AMR",
                                                        "srcId": "rrYmqezOUEzyPmQmAoOa",
                                                        "conceptId": "Syntax.a_Quant/Quant",
                                                        "kind": "Quant"
                                                    }
                                                ],
                                                "name": "Quant",
                                                "label": "Quant"
                                            },
                                            {
                                                "children": [
                                                    {
                                                        "type": "AMR",
                                                        "srcId": "jcgjGLGYSejrjnAxzcxs",
                                                        "conceptId": "Syntax.singularNum/Num",
                                                        "kind": "Num"
                                                    }
                                                ],
                                                "name": "Num",
                                                "label": "Num"
                                            }
                                        ],
                                        "type": "AMR",
                                        "srcId": "KpIYlxCIzXvMGudiWMKU",
                                        "conceptId": "Syntax.mkDet/Quant->Num->Det",
                                        "kind": "Det"
                                    }
                                ],
                                "name": "Det",
                                "label": "Det"
                            },
                            {
                                "children": [
                                    {
                                        "name": "VANqObfvgLeairHF",
                                        "type": "Get-var",
                                        "srcId": "DNCePxgKZWaprPzR"
                                    }
                                ],
                                "name": "CN",
                                "label": "CN"
                            }
                        ],
                        "type": "AMR",
                        "srcId": "lwmzNZGyebpKpvGYCAaY",
                        "conceptId": "Syntax.mkNP/Det->CN->NP",
                        "kind": "NP"
                    }
                ],
                "type": "Segment",
                "srcId": "ejljODqbJXDDsAXU"
            }
        ],
        "srcId": "FjCJceYvwpRxwczW"
    }
}