{
    "id": "iGuZUkOYflqbqsZBRUAa",
    "uid": "cafdcb47-f7e9-430f-a878-4871bfdfba8b",
    "name": "mkS",
    "kind": "RGL",
    "examples": null,
    "blocklyXml": "<?xml version=\"1.0\" encoding=\"UTF-8\"?><xml xmlns=\"http://www.w3.org/1999/xhtml\"><variables><variable id=\"xtCMAeZuUZrADJnt\" type=\"\">Cl</variable></variables><block deletable=\"false\" id=\"wKzeIxbminsCZtIk\" type=\"Document-plan\" x=\"260\" y=\"120\"><statement name=\"segments\"><block id=\"IRaRwkubKynntXvmMWzM\" type=\"Segment\"><mutation value_count=\"1\" value_sequence=\"value_\"/><value name=\"value_0\"><block id=\"fDAVyvJCpIiVmqfxMKGW\" type=\"AMR\"><mutation concept_id=\"Syntax.mkS/Temp-&gt;Pol-&gt;Cl-&gt;S\" concept_kind=\"S\" concept_label=\"mkS\" roles=\"[{&quot;id&quot;:&quot;yDlqGLLLAPSReIOQ&quot;,&quot;fieldLabel&quot;:&quot;Temp&quot;,&quot;__typename&quot;:&quot;ThematicRole&quot;,&quot;fieldType&quot;:[&quot;List&quot;,&quot;Str&quot;,&quot;Temp&quot;]},{&quot;id&quot;:&quot;hIncHYfrgMvhKPLj&quot;,&quot;fieldLabel&quot;:&quot;Pol&quot;,&quot;__typename&quot;:&quot;ThematicRole&quot;,&quot;fieldType&quot;:[&quot;List&quot;,&quot;Str&quot;,&quot;Pol&quot;]},{&quot;id&quot;:&quot;xUQtKYchagWtaJcs&quot;,&quot;fieldLabel&quot;:&quot;Cl&quot;,&quot;__typename&quot;:&quot;ThematicRole&quot;,&quot;fieldType&quot;:[&quot;List&quot;,&quot;Str&quot;,&quot;Unit&quot;,&quot;Pron&quot;,&quot;Comp&quot;,&quot;V2&quot;,&quot;Dig&quot;,&quot;VPSlash&quot;,&quot;Digits&quot;,&quot;Sub1000&quot;,&quot;NP&quot;,&quot;N3&quot;,&quot;Card&quot;,&quot;PN&quot;,&quot;VP&quot;,&quot;Quant&quot;,&quot;AP&quot;,&quot;Sub100&quot;,&quot;CN&quot;,&quot;Adv&quot;,&quot;Numeral&quot;,&quot;Digit&quot;,&quot;V&quot;,&quot;A2&quot;,&quot;N&quot;,&quot;N2&quot;,&quot;A&quot;,&quot;Det&quot;,&quot;Ord&quot;,&quot;Cl&quot;]}]\"/><value name=\"yDlqGLLLAPSReIOQ\"><block id=\"OtGzzXAXksFrKZVVMITa\" type=\"AMR\"><mutation concept_id=\"Syntax.mkTemp/Tense-&gt;Ant-&gt;Temp\" concept_kind=\"Temp\" concept_label=\"mkTemp\" roles=\"[{&quot;id&quot;:&quot;BzcXXdSHInCFCAMk&quot;,&quot;fieldLabel&quot;:&quot;Tense&quot;,&quot;__typename&quot;:&quot;ThematicRole&quot;,&quot;fieldType&quot;:[&quot;List&quot;,&quot;Str&quot;,&quot;Tense&quot;]},{&quot;id&quot;:&quot;mQSORvjeOBNoVgCF&quot;,&quot;fieldLabel&quot;:&quot;Ant&quot;,&quot;__typename&quot;:&quot;ThematicRole&quot;,&quot;fieldType&quot;:[&quot;List&quot;,&quot;Str&quot;,&quot;Ant&quot;]}]\"/><value name=\"BzcXXdSHInCFCAMk\"><block id=\"MwXvuwUQnkyFWAScaKLM\" type=\"AMR\"><mutation concept_id=\"Syntax.pastTense/Tense\" concept_kind=\"Tense\" concept_label=\"pastTense\" roles=\"[]\"/></block></value><value name=\"mQSORvjeOBNoVgCF\"><block id=\"HTNUmsKjciCxVGdKatxQ\" type=\"AMR\"><mutation concept_id=\"Syntax.simultaneousAnt/Ant\" concept_kind=\"Ant\" concept_label=\"simultaneousAnt\" roles=\"[]\"/></block></value></block></value><value name=\"hIncHYfrgMvhKPLj\"><block id=\"AzyjIXPGzNGrlQBHhVTg\" type=\"AMR\"><mutation concept_id=\"Syntax.positivePol/Pol\" concept_kind=\"Pol\" concept_label=\"positivePol\" roles=\"[]\"/></block></value><value name=\"xUQtKYchagWtaJcs\"><block id=\"VIuNjbAYRdjwoCkp\" type=\"Get-var\"><field id=\"xtCMAeZuUZrADJnt\" name=\"name\" variabletype=\"\">Cl</field></block></value></block></value></block></statement></block></xml>",
    "documentPlan": {
        "type": "Document-plan",
        "segments": [
            {
                "children": [
                    {
                        "roles": [
                            {
                                "children": [
                                    {
                                        "roles": [
                                            {
                                                "children": [
                                                    {
                                                        "type": "AMR",
                                                        "srcId": "MwXvuwUQnkyFWAScaKLM",
                                                        "conceptId": "Syntax.pastTense/Tense",
                                                        "kind": "Tense"
                                                    }
                                                ],
                                                "name": "Tense",
                                                "label": "Tense"
                                            },
                                            {
                                                "children": [
                                                    {
                                                        "type": "AMR",
                                                        "srcId": "HTNUmsKjciCxVGdKatxQ",
                                                        "conceptId": "Syntax.simultaneousAnt/Ant",
                                                        "kind": "Ant"
                                                    }
                                                ],
                                                "name": "Ant",
                                                "label": "Ant"
                                            }
                                        ],
                                        "type": "AMR",
                                        "srcId": "OtGzzXAXksFrKZVVMITa",
                                        "conceptId": "Syntax.mkTemp/Tense->Ant->Temp",
                                        "kind": "Temp"
                                    }
                                ],
                                "name": "Temp",
                                "label": "Temp"
                            },
                            {
                                "children": [
                                    {
                                        "type": "AMR",
                                        "srcId": "AzyjIXPGzNGrlQBHhVTg",
                                        "conceptId": "Syntax.positivePol/Pol",
                                        "kind": "Pol"
                                    }
                                ],
                                "name": "Pol",
                                "label": "Pol"
                            },
                            {
                                "children": [
                                    {
                                        "name": "xtCMAeZuUZrADJnt",
                                        "type": "Get-var",
                                        "srcId": "VIuNjbAYRdjwoCkp"
                                    }
                                ],
                                "name": "Cl",
                                "label": "Cl"
                            }
                        ],
                        "type": "AMR",
                        "srcId": "fDAVyvJCpIiVmqfxMKGW",
                        "conceptId": "Syntax.mkS/Temp->Pol->Cl->S",
                        "kind": "S"
                    }
                ],
                "type": "Segment",
                "srcId": "IRaRwkubKynntXvmMWzM"
            }
        ],
        "srcId": "wKzeIxbminsCZtIk"
    }
}