{
    "id": "iucyuYErPouEjHuY",
    "uid": "df20a9e6-c701-4cc5-aa86-55b47a3a2758",
    "name": "Complex Plan",
    "kind": "Document",
    "examples": null,
    "blocklyXml": "<?xml version=\"1.0\" encoding=\"UTF-8\"?><xml xmlns=\"http://www.w3.org/1999/xhtml\"><block type=\"Document-plan\" id=\"t|qFh^w47$zYy[Ou,5:h\" deletable=\"false\" x=\"476\" y=\"32\"><statement name=\"segments\"><block type=\"Segment\" id=\"_J}t8n*JwR1$09i-BqH]\"><mutation value_count=\"8\" value_sequence=\"value_\"/><value name=\"value_0\"><block type=\"AMR\" id=\"blq*NZ78-d~o|WsQ3+?r\"><mutation concept_id=\"jNOwLOvwyTGNvISq\" concept_kind=\"S\" concept_label=\"Was\" roles=\"[{&quot;id&quot;:&quot;cvpFmYdbMoEnFdmj&quot;,&quot;fieldLabel&quot;:&quot;Object&quot;,&quot;fieldType&quot;:[&quot;List&quot;,&quot;Str&quot;,&quot;N3&quot;,&quot;N&quot;,&quot;N2&quot;,&quot;CN&quot;],&quot;__typename&quot;:&quot;ThematicRole&quot;},{&quot;id&quot;:&quot;crqkhJxFIDCCkPSU&quot;,&quot;fieldLabel&quot;:&quot;Location&quot;,&quot;fieldType&quot;:[&quot;List&quot;,&quot;Str&quot;,&quot;N3&quot;,&quot;N&quot;,&quot;N2&quot;,&quot;CN&quot;],&quot;__typename&quot;:&quot;ThematicRole&quot;}]\"/><value name=\"cvpFmYdbMoEnFdmj\"><block type=\"Dictionary-item\" id=\"/aNH78vcazlI9#LCn;+2\"><mutation id=\"house_N_Eng\" name=\"house\" pos=\"N\"/></block></value><value name=\"crqkhJxFIDCCkPSU\"><block type=\"Cell\" id=\"V%#x:=2upH3M;pArm[X3\"><field name=\"name\">A</field></block></value></block></value><value name=\"value_1\"><block type=\"Quote\" id=\"qa@Yht}Cd5-5TWx8hFS1\"><field name=\"text\">where</field></block></value><value name=\"value_2\"><block type=\"AMR\" id=\"1qKEizEK#t-EBoYtw+Rg\"><mutation concept_id=\"TgfINxRKNHHzYmpq\" concept_kind=\"S\" concept_label=\"Live\" roles=\"[{&quot;id&quot;:&quot;dIpsNSUqRAtRgEjq&quot;,&quot;fieldLabel&quot;:&quot;Subject&quot;,&quot;fieldType&quot;:[&quot;List&quot;,&quot;Str&quot;,&quot;Unit&quot;,&quot;Pron&quot;,&quot;Dig&quot;,&quot;Digits&quot;,&quot;Sub1000&quot;,&quot;N3&quot;,&quot;Card&quot;,&quot;PN&quot;,&quot;Quant&quot;,&quot;Sub100&quot;,&quot;CN&quot;,&quot;Numeral&quot;,&quot;N&quot;,&quot;N2&quot;,&quot;Det&quot;,&quot;NP&quot;],&quot;__typename&quot;:&quot;ThematicRole&quot;}]\"/><value name=\"dIpsNSUqRAtRgEjq\"><block type=\"Sequence\" id=\"z?tmstykl9;~5JN]D!u]\"><mutation value_count=\"3\" value_sequence=\"value_\"/><value name=\"value_0\"><block type=\"Dictionary-item\" id=\"4bT%js*2dd?C$vW2Y*JX\"><mutation id=\"he_Pron_Eng\" name=\"he\" pos=\"Pron\"/></block></value><value name=\"value_1\"><block type=\"Dictionary-item-modifier\" id=\";`*[xXX%jU!OnxL,:|ED\"><mutation id=\"he_Pron_Eng\" name=\"he\" pos=\"Pron\"/><value name=\"child\"><block type=\"Dictionary-item\" id=\"7nB6Z4fQldbjo`]C/Zv,\"><mutation id=\"brother_N_Eng\" name=\"brother\" pos=\"N\"/></block></value></block></value></block></value></block></value><value name=\"value_3\"><block type=\"Quote\" id=\"M^*})d*7pPN$DK+co4nr\"><field name=\"text\">.</field></block></value><value name=\"value_4\"><block type=\"AMR\" id=\"n2k|H%[i`xtwDsgO0Re=\"><mutation concept_id=\"XtSpIApkPmMUEVKD\" concept_kind=\"S\" concept_label=\"Called\" roles=\"[{&quot;id&quot;:&quot;icLOSROgcheyOSYL&quot;,&quot;fieldLabel&quot;:&quot;Subject&quot;,&quot;fieldType&quot;:[&quot;List&quot;,&quot;Str&quot;,&quot;Unit&quot;,&quot;Pron&quot;,&quot;Dig&quot;,&quot;Digits&quot;,&quot;Sub1000&quot;,&quot;N3&quot;,&quot;Card&quot;,&quot;PN&quot;,&quot;Quant&quot;,&quot;Sub100&quot;,&quot;CN&quot;,&quot;Numeral&quot;,&quot;N&quot;,&quot;N2&quot;,&quot;Det&quot;,&quot;NP&quot;],&quot;__typename&quot;:&quot;ThematicRole&quot;}]\"/><value name=\"icLOSROgcheyOSYL\"><block type=\"Dictionary-item\" id=\"KzBt/0/k~,cie5tv)hmR\"><mutation id=\"it_Pron_Eng\" name=\"it\" pos=\"Pron\"/></block></value></block></value><value name=\"value_5\"><block type=\"Dictionary-item-modifier\" id=\"w^Og|#is/aK/K1Nwa%BD\"><mutation id=\"the_Quant_Eng\" name=\"the\" pos=\"Quant\"/><value name=\"child\"><block type=\"Dictionary-item-modifier\" id=\"?.3+^mpf6uYZXX}J.P$$\"><mutation id=\"old_A_Eng\" name=\"old\" pos=\"A\"/><value name=\"child\"><block type=\"Dictionary-item\" id=\"=o0GBU^gdxTI}g_m/KS[\"><mutation id=\"house_N_Eng\" name=\"house\" pos=\"N\"/></block></value></block></value></block></value><value name=\"value_6\"><block type=\"Quote\" id=\"qAv+Lt%Qsvv@=(Dc(B5p\"><field name=\"text\">.</field></block></value></block></statement></block><block type=\"Dictionary-item\" id=\"9bc|7)uzpAha;vJ8j7B*\" x=\"819\" y=\"186\"><mutation id=\"hill_N_Eng\" name=\"hill\" pos=\"N\"/></block></xml>",
    "documentPlan": {
        "type": "Document-plan",
        "segments": [
            {
                "children": [
                    {
                        "roles": [
                            {
                                "children": [
                                    {
                                        "name": "house",
                                        "type": "Dictionary-item",
                                        "srcId": "/aNH78vcazlI9#LCn;+2",
                                        "kind": "N",
                                        "itemId": "house_N_Eng"
                                    }
                                ],
                                "name": "CN",
                                "label": "Object"
                            },
                            {
                                "children": [
                                    {
                                        "name": "A",
                                        "type": "Cell",
                                        "srcId": "V%#x:=2upH3M;pArm[X3"
                                    }
                                ],
                                "name": "CN",
                                "label": "Location"
                            }
                        ],
                        "type": "AMR",
                        "srcId": "blq*NZ78-d~o|WsQ3+?r",
                        "conceptId": "jNOwLOvwyTGNvISq",
                        "kind": "S"
                    },
                    {
                        "type": "Quote",
                        "srcId": "qa@Yht}Cd5-5TWx8hFS1",
                        "text": "where"
                    },
                    {
                        "roles": [
                            {
                                "children": [
                                    {
                                        "children": [
                                            {
                                                "name": "he",
                                                "type": "Dictionary-item",
                                                "srcId": "4bT%js*2dd?C$vW2Y*JX",
                                                "kind": "Pron",
                                                "itemId": "he_Pron_Eng"
                                            },
                                            {
                                                "name": "he",
                                                "type": "Dictionary-item-modifier",
                                                "srcId": ";`*[xXX%jU!OnxL,:|ED",
                                                "kind": "Pron",
                                                "child": {
                                                    "name": "brother",
                                                    "type": "Dictionary-item",
                                                    "srcId": "7nB6Z4fQldbjo`]C/Zv,",
                                                    "kind": "N",
                                                    "itemId": "brother_N_Eng"
                                                },
                                                "itemId": "he_Pron_Eng"
                                            }
                                        ],
                                        "type": "Sequence",
                                        "srcId": "z?tmstykl9;~5JN]D!u]"
                                    }
                                ],
                                "name": "NP",
                                "label": "Subject"
                            }
                        ],
                        "type": "AMR",
                        "srcId": "1qKEizEK#t-EBoYtw+Rg",
                        "conceptId": "TgfINxRKNHHzYmpq",
                        "kind": "S"
                    },
                    {
                        "type": "Quote",
                        "srcId": "M^*})d*7pPN$DK+co4nr",
                        "text": "."
                    },
                    {
                        "roles": [
                            {
                                "children": [
                                    {
                                        "name": "it",
                                        "type": "Dictionary-item",
                                        "srcId": "KzBt/0/k~,cie5tv)hmR",
                                        "kind": "Pron",
                                        "itemId": "it_Pron_Eng"
                                    }
                                ],
                                "name": "NP",
                                "label": "Subject"
                            }
                        ],
                        "type": "AMR",
                        "srcId": "n2k|H%[i`xtwDsgO0Re=",
                        "conceptId": "XtSpIApkPmMUEVKD",
                        "kind": "S"
                    },
                    {
                        "name": "the",
                        "type": "Dictionary-item-modifier",
                        "srcId": "w^Og|#is/aK/K1Nwa%BD",
                        "kind": "Quant",
                        "child": {
                            "name": "old",
                            "type": "Dictionary-item-modifier",
                            "srcId": "?.3+^mpf6uYZXX}J.P$$",
                            "kind": "A",
                            "child": {
                                "name": "house",
                                "type": "Dictionary-item",
                                "srcId": "=o0GBU^gdxTI}g_m/KS[",
                                "kind": "N",
                                "itemId": "house_N_Eng"
                            },
                            "itemId": "old_A_Eng"
                        },
                        "itemId": "the_Quant_Eng"
                    },
                    {
                        "type": "Quote",
                        "srcId": "qAv+Lt%Qsvv@=(Dc(B5p",
                        "text": "."
                    }
                ],
                "type": "Segment",
                "srcId": "_J}t8n*JwR1$09i-BqH]"
            }
        ],
        "srcId": "t|qFh^w47$zYy[Ou,5:h"
    }
}