{
    "id": "jNOwLOvwyTGNvISq",
    "uid": "b44e2bf6-aeda-43b1-b369-d48e5cf44e0d",
    "name": "Was",
    "kind": "AMR",
    "examples": null,
    "blocklyXml": "<?xml version=\"1.0\" encoding=\"UTF-8\"?><xml><variables><variable id=\"LpooBQQWSFgXaTqxWgVd\" type=\"\">Location</variable><variable id=\"LmupKjAcGnYRdVeSMcXB\" type=\"\">Object</variable></variables><block deletable=\"false\" id=\"suxVjNJPuLfBCYid\" type=\"Document-plan\" x=\"260\" y=\"120\"><statement name=\"segments\"><block id=\"hAbPrGvLGflDNvjb\" type=\"Segment\"><mutation value_count=\"2\" value_sequence=\"value_\"/><value name=\"value_0\"><block id=\"wKzeIxbminsCZtIk\" type=\"AMR\"><mutation concept_id=\"iGuZUkOYflqbqsZBRUAa\" concept_kind=\"S\" concept_label=\"mkS\" roles=\"[{&quot;id&quot;:&quot;eXpIcyiMVwURJgTi&quot;,&quot;fieldLabel&quot;:&quot;Cl&quot;,&quot;__typename&quot;:&quot;ThematicRole&quot;,&quot;fieldType&quot;:[&quot;List&quot;,&quot;Str&quot;,&quot;Unit&quot;,&quot;Pron&quot;,&quot;Comp&quot;,&quot;V2&quot;,&quot;Dig&quot;,&quot;VPSlash&quot;,&quot;Digits&quot;,&quot;Sub1000&quot;,&quot;NP&quot;,&quot;N3&quot;,&quot;Card&quot;,&quot;PN&quot;,&quot;VP&quot;,&quot;Quant&quot;,&quot;AP&quot;,&quot;Sub100&quot;,&quot;CN&quot;,&quot;Adv&quot;,&quot;Numeral&quot;,&quot;Digit&quot;,&quot;V&quot;,&quot;A2&quot;,&quot;N&quot;,&quot;N2&quot;,&quot;A&quot;,&quot;Det&quot;,&quot;Ord&quot;,&quot;Cl&quot;]}]\"/><value name=\"eXpIcyiMVwURJgTi\"><block id=\"brNJkydxmdgbGdov\" type=\"AMR\"><mutation concept_id=\"qRHMggfDQAhvOxQHuQNw\" concept_kind=\"Cl\" concept_label=\"mkCl\" roles=\"[{&quot;id&quot;:&quot;DHdIdSTmmdcaAHyx&quot;,&quot;fieldLabel&quot;:&quot;NP.1&quot;,&quot;__typename&quot;:&quot;ThematicRole&quot;,&quot;fieldType&quot;:[&quot;List&quot;,&quot;Str&quot;,&quot;Unit&quot;,&quot;Pron&quot;,&quot;Dig&quot;,&quot;Digits&quot;,&quot;Sub1000&quot;,&quot;N3&quot;,&quot;Card&quot;,&quot;PN&quot;,&quot;Quant&quot;,&quot;Sub100&quot;,&quot;CN&quot;,&quot;Numeral&quot;,&quot;N&quot;,&quot;N2&quot;,&quot;Det&quot;,&quot;NP&quot;]},{&quot;id&quot;:&quot;ZibybVLfwRHDxBGK&quot;,&quot;fieldLabel&quot;:&quot;NP.2&quot;,&quot;__typename&quot;:&quot;ThematicRole&quot;,&quot;fieldType&quot;:[&quot;List&quot;,&quot;Str&quot;,&quot;Unit&quot;,&quot;Pron&quot;,&quot;Dig&quot;,&quot;Digits&quot;,&quot;Sub1000&quot;,&quot;N3&quot;,&quot;Card&quot;,&quot;PN&quot;,&quot;Quant&quot;,&quot;Sub100&quot;,&quot;CN&quot;,&quot;Numeral&quot;,&quot;N&quot;,&quot;N2&quot;,&quot;Det&quot;,&quot;NP&quot;]}]\"/><value name=\"DHdIdSTmmdcaAHyx\"><block id=\"FjCJceYvwpRxwczW\" type=\"AMR\"><mutation concept_id=\"EnYHnBajOZEMhpwQmllv\" concept_kind=\"NP\" concept_label=\"mkNP\" roles=\"[{&quot;id&quot;:&quot;eoYwNMnDgHcBJGSU&quot;,&quot;fieldLabel&quot;:&quot;CN&quot;,&quot;__typename&quot;:&quot;ThematicRole&quot;,&quot;fieldType&quot;:[&quot;List&quot;,&quot;Str&quot;,&quot;N3&quot;,&quot;N&quot;,&quot;N2&quot;,&quot;CN&quot;]}]\"/><value name=\"eoYwNMnDgHcBJGSU\"><block id=\"TYVFLsHRqEmFSals\" type=\"Get-var\"><field id=\"LmupKjAcGnYRdVeSMcXB\" name=\"name\" variabletype=\"\">Object</field></block></value></block></value><value name=\"ZibybVLfwRHDxBGK\"><block id=\"pzjxLLFrlnQwyfcn\" type=\"AMR\"><mutation concept_id=\"jPdqTMOKEXZrPOErSXGz\" concept_kind=\"NP\" concept_label=\"mkNP\" roles=\"[{&quot;id&quot;:&quot;UEgwfsHaxQmIxZLr&quot;,&quot;fieldLabel&quot;:&quot;CN&quot;,&quot;__typename&quot;:&quot;ThematicRole&quot;,&quot;fieldType&quot;:[&quot;List&quot;,&quot;Str&quot;,&quot;N3&quot;,&quot;N&quot;,&quot;N2&quot;,&quot;CN&quot;]}]\"/><value name=\"UEgwfsHaxQmIxZLr\"><block id=\"agjbyLqLVPoAzSpc\" type=\"Get-var\"><field id=\"LpooBQQWSFgXaTqxWgVd\" name=\"name\" variabletype=\"\">Location</field></block></value></block></value></block></value></block></value></block></statement></block></xml>",
    "documentPlan": {
        "type": "Document-plan",
        "segments": [
            {
                "children": [
                    {
                        "roles": [
                            {
                                "children": [
                                    {
                                        "roles": [
                                            {
                                                "children": [
                                                    {
                                                        "roles": [
                                                            {
                                                                "children": [
                                                                    {
                                                                        "name": "LmupKjAcGnYRdVeSMcXB",
                                                                        "type": "Get-var",
                                                                        "srcId": "TYVFLsHRqEmFSals"
                                                                    }
                                                                ],
                                                                "name": "CN",
                                                                "label": "CN"
                                                            }
                                                        ],
                                                        "type": "AMR",
                                                        "srcId": "FjCJceYvwpRxwczW",
                                                        "conceptId": "EnYHnBajOZEMhpwQmllv",
                                                        "kind": "NP"
                                                    }
                                                ],
                                                "name": "NP",
                                                "label": "NP.1"
                                            },
                                            {
                                                "children": [
                                                    {
                                                        "roles": [
                                                            {
                                                                "children": [
                                                                    {
                                                                        "name": "LpooBQQWSFgXaTqxWgVd",
                                                                        "type": "Get-var",
                                                                        "srcId": "agjbyLqLVPoAzSpc"
                                                                    }
                                                                ],
                                                                "name": "CN",
                                                                "label": "CN"
                                                            }
                                                        ],
                                                        "type": "AMR",
                                                        "srcId": "pzjxLLFrlnQwyfcn",
                                                        "conceptId": "jPdqTMOKEXZrPOErSXGz",
                                                        "kind": "NP"
                                                    }
                                                ],
                                                "name": "NP",
                                                "label": "NP.2"
                                            }
                                        ],
                                        "type": "AMR",
                                        "srcId": "brNJkydxmdgbGdov",
                                        "conceptId": "qRHMggfDQAhvOxQHuQNw",
                                        "kind": "Cl"
                                    }
                                ],
                                "name": "Cl",
                                "label": "Cl"
                            }
                        ],
                        "type": "AMR",
                        "srcId": "wKzeIxbminsCZtIk",
                        "conceptId": "iGuZUkOYflqbqsZBRUAa",
                        "kind": "S"
                    }
                ],
                "type": "Segment",
                "srcId": "hAbPrGvLGflDNvjb"
            }
        ],
        "srcId": "suxVjNJPuLfBCYid"
    }
}