{
    "id": "jPdqTMOKEXZrPOErSXGz",
    "uid": "6729c2dd-f7ad-4126-8e72-025cdb422db0",
    "name": "mkNP",
    "kind": "RGL",
    "examples": null,
    "blocklyXml": "<?xml version=\"1.0\" encoding=\"UTF-8\"?><xml xmlns=\"http://www.w3.org/1999/xhtml\"><variables><variable id=\"fkXqhZQkIGLBBdES\" type=\"\">CN</variable></variables><block deletable=\"false\" id=\"pzjxLLFrlnQwyfcn\" type=\"Document-plan\" x=\"260\" y=\"120\"><statement name=\"segments\"><block id=\"TaqGGYaumFidPrat\" type=\"Segment\"><mutation value_count=\"1\" value_sequence=\"value_\"/><value name=\"value_0\"><block id=\"KybfeLJpkWlrohIwKjDJ\" type=\"AMR\"><mutation concept_id=\"Syntax.mkNP/Det-&gt;CN-&gt;NP\" concept_kind=\"NP\" concept_label=\"mkNP\" roles=\"[{&quot;id&quot;:&quot;ZYcRfqMTMcLQsEtL&quot;,&quot;fieldLabel&quot;:&quot;Det&quot;,&quot;__typename&quot;:&quot;ThematicRole&quot;,&quot;fieldType&quot;:[&quot;List&quot;,&quot;Str&quot;,&quot;Unit&quot;,&quot;Pron&quot;,&quot;Dig&quot;,&quot;Digits&quot;,&quot;Sub1000&quot;,&quot;Card&quot;,&quot;Quant&quot;,&quot;Sub100&quot;,&quot;Numeral&quot;,&quot;Det&quot;]},{&quot;id&quot;:&quot;sHtNTiuKyEdZERbn&quot;,&quot;fieldLabel&quot;:&quot;CN&quot;,&quot;__typename&quot;:&quot;ThematicRole&quot;,&quot;fieldType&quot;:[&quot;List&quot;,&quot;Str&quot;,&quot;N3&quot;,&quot;N&quot;,&quot;N2&quot;,&quot;CN&quot;]}]\"/><value name=\"ZYcRfqMTMcLQsEtL\"><block id=\"mpSinHFgCXwwcmoUpXiS\" type=\"AMR\"><mutation concept_id=\"Syntax.mkDet/Quant-&gt;Num-&gt;Det\" concept_kind=\"Det\" concept_label=\"mkDet\" roles=\"[{&quot;id&quot;:&quot;xqhhgBBymUIhprSq&quot;,&quot;fieldLabel&quot;:&quot;Quant&quot;,&quot;__typename&quot;:&quot;ThematicRole&quot;,&quot;fieldType&quot;:[&quot;List&quot;,&quot;Str&quot;,&quot;Pron&quot;,&quot;Quant&quot;]},{&quot;id&quot;:&quot;hFlMFGNLiECUOeKr&quot;,&quot;fieldLabel&quot;:&quot;Num&quot;,&quot;__typename&quot;:&quot;ThematicRole&quot;,&quot;fieldType&quot;:[&quot;List&quot;,&quot;Str&quot;,&quot;Unit&quot;,&quot;Dig&quot;,&quot;Digits&quot;,&quot;Sub1000&quot;,&quot;Card&quot;,&quot;Sub100&quot;,&quot;Numeral&quot;,&quot;Digit&quot;,&quot;Num&quot;]}]\"/><value name=\"xqhhgBBymUIhprSq\"><block id=\"zJChnMblOdXjFfRScHrt\" type=\"AMR\"><mutation concept_id=\"Syntax.the_Quant/Quant\" concept_kind=\"Quant\" concept_label=\"the_Quant\" roles=\"[]\"/></block></value><value name=\"hFlMFGNLiECUOeKr\"><block id=\"CoZydkHaOKyyTvsyItOT\" type=\"AMR\"><mutation concept_id=\"Syntax.singularNum/Num\" concept_kind=\"Num\" concept_label=\"singularNum\" roles=\"[]\"/></block></value></block></value><value name=\"sHtNTiuKyEdZERbn\"><block id=\"JfUYAYCsttoSpMLt\" type=\"Get-var\"><field id=\"fkXqhZQkIGLBBdES\" name=\"name\" variabletype=\"\">CN</field></block></value></block></value></block></statement></block></xml>",
    "documentPlan": {
        "type": "Document-plan",
        "segments": [
            {
                "children": [
                    {
                        "roles": [
                            {
                                "children": [
                                    {
                                        "roles": [
                                            {
                                                "children": [
                                                    {
                                                        "type": "AMR",
                                                        "srcId": "zJChnMblOdXjFfRScHrt",
                                                        "conceptId": "Syntax.the_Quant/Quant",
                                                        "kind": "Quant"
                                                    }
                                                ],
                                                "name": "Quant",
                                                "label": "Quant"
                                            },
                                            {
                                                "children": [
                                                    {
                                                        "type": "AMR",
                                                        "srcId": "CoZydkHaOKyyTvsyItOT",
                                                        "conceptId": "Syntax.singularNum/Num",
                                                        "kind": "Num"
                                                    }
                                                ],
                                                "name": "Num",
                                                "label": "Num"
                                            }
                                        ],
                                        "type": "AMR",
                                        "srcId": "mpSinHFgCXwwcmoUpXiS",
                                        "conceptId": "Syntax.mkDet/Quant->Num->Det",
                                        "kind": "Det"
                                    }
                                ],
                                "name": "Det",
                                "label": "Det"
                            },
                            {
                                "children": [
                                    {
                                        "name": "fkXqhZQkIGLBBdES",
                                        "type": "Get-var",
                                        "srcId": "JfUYAYCsttoSpMLt"
                                    }
                                ],
                                "name": "CN",
                                "label": "CN"
                            }
                        ],
                        "type": "AMR",
                        "srcId": "KybfeLJpkWlrohIwKjDJ",
                        "conceptId": "Syntax.mkNP/Det->CN->NP",
                        "kind": "NP"
                    }
                ],
                "type": "Segment",
                "srcId": "TaqGGYaumFidPrat"
            }
        ],
        "srcId": "pzjxLLFrlnQwyfcn"
    }
}