{
    "id": "kolfNQsDdhzhaEtx",
    "uid": "c4dc6cbb-dec0-42b8-81b3-f4aa9de5e8fa",
    "name": "Located",
    "kind": "AMR",
    "examples": null,
    "blocklyXml": "<?xml version=\"1.0\" encoding=\"UTF-8\"?><xml xmlns=\"http://www.w3.org/1999/xhtml\"><variables><variable type=\"\" id=\"FxBnItCBhIoftsipsLnt\">Object</variable><variable type=\"\" id=\"YGtFVKLmBbKmTpEAzIrX\">Location</variable></variables><block type=\"Document-plan\" id=\"siXOvClpEEbTjUMS\" deletable=\"false\" x=\"260\" y=\"120\"><statement name=\"segments\"><block type=\"Segment\" id=\"dGFMaUXqccmyVTxw\"><mutation value_count=\"2\" value_sequence=\"value_\"/><value name=\"value_0\"><block type=\"AMR\" id=\"uedLIJUuygfRghkY\"><mutation concept_id=\"QZnrWCfMgXoRWNCAyYic\" concept_kind=\"Utt\" concept_label=\"mkUtt\" roles=\"[{&quot;id&quot;:&quot;UVCVGcqNIUNNdYIw&quot;,&quot;fieldLabel&quot;:&quot;CN.1&quot;,&quot;__typename&quot;:&quot;ThematicRole&quot;,&quot;fieldType&quot;:[&quot;List&quot;,&quot;Str&quot;,&quot;N3&quot;,&quot;N&quot;,&quot;N2&quot;,&quot;CN&quot;]},{&quot;id&quot;:&quot;HQEhAEacGdNudAaT&quot;,&quot;fieldLabel&quot;:&quot;CN.2&quot;,&quot;__typename&quot;:&quot;ThematicRole&quot;,&quot;fieldType&quot;:[&quot;List&quot;,&quot;Str&quot;,&quot;N3&quot;,&quot;N&quot;,&quot;N2&quot;,&quot;CN&quot;]}]\"/><value name=\"UVCVGcqNIUNNdYIw\"><block type=\"Get-var\" id=\"uPwxyRxOAftIFiRs\"><field name=\"name\" id=\"FxBnItCBhIoftsipsLnt\" variabletype=\"\">Object</field></block></value><value name=\"HQEhAEacGdNudAaT\"><block type=\"Get-var\" id=\"zGBHRgyGqLHZXLsa\"><field name=\"name\" id=\"YGtFVKLmBbKmTpEAzIrX\" variabletype=\"\">Location</field></block></value></block></value></block></statement></block></xml>",
    "documentPlan": {
        "type": "Document-plan",
        "segments": [
            {
                "children": [
                    {
                        "roles": [
                            {
                                "children": [
                                    {
                                        "name": "FxBnItCBhIoftsipsLnt",
                                        "type": "Get-var",
                                        "srcId": "uPwxyRxOAftIFiRs"
                                    }
                                ],
                                "name": "CN",
                                "label": "CN.1"
                            },
                            {
                                "children": [
                                    {
                                        "name": "YGtFVKLmBbKmTpEAzIrX",
                                        "type": "Get-var",
                                        "srcId": "zGBHRgyGqLHZXLsa"
                                    }
                                ],
                                "name": "CN",
                                "label": "CN.2"
                            }
                        ],
                        "type": "AMR",
                        "srcId": "uedLIJUuygfRghkY",
                        "conceptId": "QZnrWCfMgXoRWNCAyYic",
                        "kind": "Utt"
                    }
                ],
                "type": "Segment",
                "srcId": "dGFMaUXqccmyVTxw"
            }
        ],
        "srcId": "siXOvClpEEbTjUMS"
    }
}