{
    "id": "qRHMggfDQAhvOxQHuQNw",
    "uid": "d6cba7a7-9971-47fc-bec1-570022a81613",
    "name": "mkCl",
    "kind": "RGL",
    "examples": null,
    "blocklyXml": "<?xml version=\"1.0\" encoding=\"UTF-8\"?><xml xmlns=\"http://www.w3.org/1999/xhtml\"><variables><variable type=\"\" id=\"ATtAPjFtndBLwYUm\">NP.1</variable><variable type=\"\" id=\"BqDQzHEuFRJPYCbq\">NP.2</variable></variables><block type=\"Document-plan\" id=\"brNJkydxmdgbGdov\" deletable=\"false\" x=\"260\" y=\"120\"><statement name=\"segments\"><block type=\"Segment\" id=\"AWkQOYjTnmcFCmph\"><mutation value_count=\"1\" value_sequence=\"value_\"/><value name=\"value_0\"><block type=\"AMR\" id=\"DWfdAsFIcLRWiebUhoFz\"><mutation concept_id=\"Syntax.mkCl/NP-&gt;Adv-&gt;Cl\" concept_kind=\"Cl\" concept_label=\"mkCl\" roles=\"[{&quot;id&quot;:&quot;QsxBWqxZgfoJwfrL&quot;,&quot;fieldLabel&quot;:&quot;NP&quot;,&quot;__typename&quot;:&quot;ThematicRole&quot;,&quot;fieldType&quot;:[&quot;List&quot;,&quot;Str&quot;,&quot;Unit&quot;,&quot;Pron&quot;,&quot;Dig&quot;,&quot;Digits&quot;,&quot;Sub1000&quot;,&quot;N3&quot;,&quot;Card&quot;,&quot;PN&quot;,&quot;Quant&quot;,&quot;Sub100&quot;,&quot;CN&quot;,&quot;Numeral&quot;,&quot;N&quot;,&quot;N2&quot;,&quot;Det&quot;,&quot;NP&quot;]},{&quot;id&quot;:&quot;yqqmEyRjACmEjZRu&quot;,&quot;fieldLabel&quot;:&quot;Adv&quot;,&quot;__typename&quot;:&quot;ThematicRole&quot;,&quot;fieldType&quot;:[&quot;List&quot;,&quot;Str&quot;,&quot;N&quot;,&quot;A&quot;,&quot;Adv&quot;]}]\"/><value name=\"QsxBWqxZgfoJwfrL\"><block type=\"Get-var\" id=\"iSRESUxnsVGFINrM\"><field name=\"name\" id=\"ATtAPjFtndBLwYUm\" variabletype=\"\">NP.1</field></block></value><value name=\"yqqmEyRjACmEjZRu\"><block type=\"AMR\" id=\"TkCAWMNGmlQUTVsObCao\"><mutation concept_id=\"Syntax.mkAdv/Prep-&gt;NP-&gt;Adv\" concept_kind=\"Adv\" concept_label=\"mkAdv\" roles=\"[{&quot;id&quot;:&quot;OSYArJxIXtjwwjoT&quot;,&quot;fieldLabel&quot;:&quot;Prep&quot;,&quot;__typename&quot;:&quot;ThematicRole&quot;,&quot;fieldType&quot;:[&quot;List&quot;,&quot;Str&quot;,&quot;Case&quot;,&quot;Prep&quot;]},{&quot;id&quot;:&quot;UlbIMpAPBwqqCQQo&quot;,&quot;fieldLabel&quot;:&quot;NP&quot;,&quot;__typename&quot;:&quot;ThematicRole&quot;,&quot;fieldType&quot;:[&quot;List&quot;,&quot;Str&quot;,&quot;Unit&quot;,&quot;Pron&quot;,&quot;Dig&quot;,&quot;Digits&quot;,&quot;Sub1000&quot;,&quot;N3&quot;,&quot;Card&quot;,&quot;PN&quot;,&quot;Quant&quot;,&quot;Sub100&quot;,&quot;CN&quot;,&quot;Numeral&quot;,&quot;N&quot;,&quot;N2&quot;,&quot;Det&quot;,&quot;NP&quot;]}]\"/><value name=\"OSYArJxIXtjwwjoT\"><block type=\"AMR\" id=\"xuCnteekavGbGgJiRmSk\"><mutation concept_id=\"Syntax.on_Prep/Prep\" concept_kind=\"Prep\" concept_label=\"on_Prep\" roles=\"[]\"/></block></value><value name=\"UlbIMpAPBwqqCQQo\"><block type=\"Get-var\" id=\"TubJYtOMblKtJuDr\"><field name=\"name\" id=\"BqDQzHEuFRJPYCbq\" variabletype=\"\">NP.2</field></block></value></block></value></block></value></block></statement></block></xml>",
    "documentPlan": {
        "type": "Document-plan",
        "segments": [
            {
                "children": [
                    {
                        "roles": [
                            {
                                "children": [
                                    {
                                        "name": "ATtAPjFtndBLwYUm",
                                        "type": "Get-var",
                                        "srcId": "iSRESUxnsVGFINrM"
                                    }
                                ],
                                "name": "NP",
                                "label": "NP"
                            },
                            {
                                "children": [
                                    {
                                        "roles": [
                                            {
                                                "children": [
                                                    {
                                                        "type": "AMR",
                                                        "srcId": "xuCnteekavGbGgJiRmSk",
                                                        "conceptId": "Syntax.on_Prep/Prep",
                                                        "kind": "Prep"
                                                    }
                                                ],
                                                "name": "Prep",
                                                "label": "Prep"
                                            },
                                            {
                                                "children": [
                                                    {
                                                        "name": "BqDQzHEuFRJPYCbq",
                                                        "type": "Get-var",
                                                        "srcId": "TubJYtOMblKtJuDr"
                                                    }
                                                ],
                                                "name": "NP",
                                                "label": "NP"
                                            }
                                        ],
                                        "type": "AMR",
                                        "srcId": "TkCAWMNGmlQUTVsObCao",
                                        "conceptId": "Syntax.mkAdv/Prep->NP->Adv",
                                        "kind": "Adv"
                                    }
                                ],
                                "name": "Adv",
                                "label": "Adv"
                            }
                        ],
                        "type": "AMR",
                        "srcId": "DWfdAsFIcLRWiebUhoFz",
                        "conceptId": "Syntax.mkCl/NP->Adv->Cl",
                        "kind": "Cl"
                    }
                ],
                "type": "Segment",
                "srcId": "AWkQOYjTnmcFCmph"
            }
        ],
        "srcId": "brNJkydxmdgbGdov"
    }
}