{
    "id": "QZnrWCfMgXoRWNCAyYic",
    "uid": "cb1fd92d-a486-42db-af8b-75ec7bf1ddae",
    "name": "mkUtt",
    "kind": "RGL",
    "examples": null,
    "blocklyXml": "<?xml version=\"1.0\" encoding=\"UTF-8\"?><xml xmlns=\"http://www.w3.org/1999/xhtml\"><variables><variable type=\"\" id=\"kQBbGZuIYNfRKBlX\">CN.1</variable><variable type=\"\" id=\"CFYHXJnwWlHkefRZ\">CN.2</variable></variables><block type=\"Document-plan\" id=\"uedLIJUuygfRghkY\" deletable=\"false\" x=\"260\" y=\"120\"><statement name=\"segments\"><block type=\"Segment\" id=\"rPJbdLbvZsXHMRsjwlIe\"><mutation value_count=\"1\" value_sequence=\"value_\"/><value name=\"value_0\"><block type=\"AMR\" id=\"BEzrFnLvDLaqYonXjhdQ\"><mutation concept_id=\"Syntax.mkUtt/NP-&gt;Utt\" concept_kind=\"Utt\" concept_label=\"mkUtt\" roles=\"[{&quot;id&quot;:&quot;vRtRonNNuTFSWvls&quot;,&quot;fieldLabel&quot;:&quot;NP&quot;,&quot;__typename&quot;:&quot;ThematicRole&quot;,&quot;fieldType&quot;:[&quot;List&quot;,&quot;Str&quot;,&quot;Unit&quot;,&quot;Pron&quot;,&quot;Dig&quot;,&quot;Digits&quot;,&quot;Sub1000&quot;,&quot;N3&quot;,&quot;Card&quot;,&quot;PN&quot;,&quot;Quant&quot;,&quot;Sub100&quot;,&quot;CN&quot;,&quot;Numeral&quot;,&quot;N&quot;,&quot;N2&quot;,&quot;Det&quot;,&quot;NP&quot;]}]\"/><value name=\"vRtRonNNuTFSWvls\"><block type=\"AMR\" id=\"SqcBbXHMAyAQFBWznYHb\"><mutation concept_id=\"Syntax.mkCN/CN-&gt;Adv-&gt;CN\" concept_kind=\"CN\" concept_label=\"mkCN\" roles=\"[{&quot;id&quot;:&quot;nCqxaOvvarhfCfaU&quot;,&quot;fieldLabel&quot;:&quot;CN&quot;,&quot;__typename&quot;:&quot;ThematicRole&quot;,&quot;fieldType&quot;:[&quot;List&quot;,&quot;Str&quot;,&quot;N3&quot;,&quot;N&quot;,&quot;N2&quot;,&quot;CN&quot;]},{&quot;id&quot;:&quot;mFkLXzUFsHAWLRnM&quot;,&quot;fieldLabel&quot;:&quot;Adv&quot;,&quot;__typename&quot;:&quot;ThematicRole&quot;,&quot;fieldType&quot;:[&quot;List&quot;,&quot;Str&quot;,&quot;N&quot;,&quot;A&quot;,&quot;Adv&quot;]}]\"/><value name=\"nCqxaOvvarhfCfaU\"><block type=\"Get-var\" id=\"BhfDWCostwvEdDgU\"><field name=\"name\" id=\"kQBbGZuIYNfRKBlX\" variabletype=\"\">CN.1</field></block></value><value name=\"mFkLXzUFsHAWLRnM\"><block type=\"AMR\" id=\"faMmrcLdhCCceRVsueVy\"><mutation concept_id=\"Syntax.mkAdv/Prep-&gt;NP-&gt;Adv\" concept_kind=\"Adv\" concept_label=\"mkAdv\" roles=\"[{&quot;id&quot;:&quot;mTMDeygNRQWFlLWj&quot;,&quot;fieldLabel&quot;:&quot;Prep&quot;,&quot;__typename&quot;:&quot;ThematicRole&quot;,&quot;fieldType&quot;:[&quot;List&quot;,&quot;Str&quot;,&quot;Case&quot;,&quot;Prep&quot;]},{&quot;id&quot;:&quot;olIeeVQHSkrFWNDX&quot;,&quot;fieldLabel&quot;:&quot;NP&quot;,&quot;__typename&quot;:&quot;ThematicRole&quot;,&quot;fieldType&quot;:[&quot;List&quot;,&quot;Str&quot;,&quot;Unit&quot;,&quot;Pron&quot;,&quot;Dig&quot;,&quot;Digits&quot;,&quot;Sub1000&quot;,&quot;N3&quot;,&quot;Card&quot;,&quot;PN&quot;,&quot;Quant&quot;,&quot;Sub100&quot;,&quot;CN&quot;,&quot;Numeral&quot;,&quot;N&quot;,&quot;N2&quot;,&quot;Det&quot;,&quot;NP&quot;]}]\"/><value name=\"mTMDeygNRQWFlLWj\"><block type=\"AMR\" id=\"wlcZOnSAuRVuuesePfEZ\"><mutation concept_id=\"Syntax.on_Prep/Prep\" concept_kind=\"Prep\" concept_label=\"on_Prep\" roles=\"[]\"/></block></value><value name=\"olIeeVQHSkrFWNDX\"><block type=\"AMR\" id=\"ALhrfVsXLfODPWNiJedQ\"><mutation concept_id=\"Syntax.mkNP/Det-&gt;CN-&gt;NP\" concept_kind=\"NP\" concept_label=\"mkNP\" roles=\"[{&quot;id&quot;:&quot;aHnWYuGsQZcFRLxa&quot;,&quot;fieldLabel&quot;:&quot;Det&quot;,&quot;__typename&quot;:&quot;ThematicRole&quot;,&quot;fieldType&quot;:[&quot;List&quot;,&quot;Str&quot;,&quot;Unit&quot;,&quot;Pron&quot;,&quot;Dig&quot;,&quot;Digits&quot;,&quot;Sub1000&quot;,&quot;Card&quot;,&quot;Quant&quot;,&quot;Sub100&quot;,&quot;Numeral&quot;,&quot;Det&quot;]},{&quot;id&quot;:&quot;ZeUdVhbwfVMQtGJE&quot;,&quot;fieldLabel&quot;:&quot;CN&quot;,&quot;__typename&quot;:&quot;ThematicRole&quot;,&quot;fieldType&quot;:[&quot;List&quot;,&quot;Str&quot;,&quot;N3&quot;,&quot;N&quot;,&quot;N2&quot;,&quot;CN&quot;]}]\"/><value name=\"aHnWYuGsQZcFRLxa\"><block type=\"AMR\" id=\"oTBNtDbIdGNGFqGMsWUP\"><mutation concept_id=\"Syntax.mkDet/Quant-&gt;Num-&gt;Det\" concept_kind=\"Det\" concept_label=\"mkDet\" roles=\"[{&quot;id&quot;:&quot;TudGRkfBsokPRpxh&quot;,&quot;fieldLabel&quot;:&quot;Quant&quot;,&quot;__typename&quot;:&quot;ThematicRole&quot;,&quot;fieldType&quot;:[&quot;List&quot;,&quot;Str&quot;,&quot;Pron&quot;,&quot;Quant&quot;]},{&quot;id&quot;:&quot;BfnitYYlNPaWytnL&quot;,&quot;fieldLabel&quot;:&quot;Num&quot;,&quot;__typename&quot;:&quot;ThematicRole&quot;,&quot;fieldType&quot;:[&quot;List&quot;,&quot;Str&quot;,&quot;Unit&quot;,&quot;Dig&quot;,&quot;Digits&quot;,&quot;Sub1000&quot;,&quot;Card&quot;,&quot;Sub100&quot;,&quot;Numeral&quot;,&quot;Digit&quot;,&quot;Num&quot;]}]\"/><value name=\"TudGRkfBsokPRpxh\"><block type=\"AMR\" id=\"JPWZEibKWhzEChKvTdoo\"><mutation concept_id=\"Syntax.the_Quant/Quant\" concept_kind=\"Quant\" concept_label=\"the_Quant\" roles=\"[]\"/></block></value><value name=\"BfnitYYlNPaWytnL\"><block type=\"AMR\" id=\"VvwEbhkrEipQMfgCcICp\"><mutation concept_id=\"Syntax.singularNum/Num\" concept_kind=\"Num\" concept_label=\"singularNum\" roles=\"[]\"/></block></value></block></value><value name=\"ZeUdVhbwfVMQtGJE\"><block type=\"Get-var\" id=\"kxGMZnlDcyGjEqWY\"><field name=\"name\" id=\"CFYHXJnwWlHkefRZ\" variabletype=\"\">CN.2</field></block></value></block></value></block></value></block></value></block></value></block></statement></block></xml>",
    "documentPlan": {
        "type": "Document-plan",
        "segments": [
            {
                "children": [
                    {
                        "roles": [
                            {
                                "children": [
                                    {
                                        "roles": [
                                            {
                                                "children": [
                                                    {
                                                        "name": "kQBbGZuIYNfRKBlX",
                                                        "type": "Get-var",
                                                        "srcId": "BhfDWCostwvEdDgU"
                                                    }
                                                ],
                                                "name": "CN",
                                                "label": "CN"
                                            },
                                            {
                                                "children": [
                                                    {
                                                        "roles": [
                                                            {
                                                                "children": [
                                                                    {
                                                                        "type": "AMR",
                                                                        "srcId": "wlcZOnSAuRVuuesePfEZ",
                                                                        "conceptId": "Syntax.on_Prep/Prep",
                                                                        "kind": "Prep"
                                                                    }
                                                                ],
                                                                "name": "Prep",
                                                                "label": "Prep"
                                                            },
                                                            {
                                                                "children": [
                                                                    {
                                                                        "roles": [
                                                                            {
                                                                                "children": [
                                                                                    {
                                                                                        "roles": [
                                                                                            {
                                                                                                "children": [
                                                                                                    {
                                                                                                        "type": "AMR",
                                                                                                        "srcId": "JPWZEibKWhzEChKvTdoo",
                                                                                                        "conceptId": "Syntax.the_Quant/Quant",
                                                                                                        "kind": "Quant"
                                                                                                    }
                                                                                                ],
                                                                                                "name": "Quant",
                                                                                                "label": "Quant"
                                                                                            },
                                                                                            {
                                                                                                "children": [
                                                                                                    {
                                                                                                        "type": "AMR",
                                                                                                        "srcId": "VvwEbhkrEipQMfgCcICp",
                                                                                                        "conceptId": "Syntax.singularNum/Num",
                                                                                                        "kind": "Num"
                                                                                                    }
                                                                                                ],
                                                                                                "name": "Num",
                                                                                                "label": "Num"
                                                                                            }
                                                                                        ],
                                                                                        "type": "AMR",
                                                                                        "srcId": "oTBNtDbIdGNGFqGMsWUP",
                                                                                        "conceptId": "Syntax.mkDet/Quant->Num->Det",
                                                                                        "kind": "Det"
                                                                                    }
                                                                                ],
                                                                                "name": "Det",
                                                                                "label": "Det"
                                                                            },
                                                                            {
                                                                                "children": [
                                                                                    {
                                                                                        "name": "CFYHXJnwWlHkefRZ",
                                                                                        "type": "Get-var",
                                                                                        "srcId": "kxGMZnlDcyGjEqWY"
                                                                                    }
                                                                                ],
                                                                                "name": "CN",
                                                                                "label": "CN"
                                                                            }
                                                                        ],
                                                                        "type": "AMR",
                                                                        "srcId": "ALhrfVsXLfODPWNiJedQ",
                                                                        "conceptId": "Syntax.mkNP/Det->CN->NP",
                                                                        "kind": "NP"
                                                                    }
                                                                ],
                                                                "name": "NP",
                                                                "label": "NP"
                                                            }
                                                        ],
                                                        "type": "AMR",
                                                        "srcId": "faMmrcLdhCCceRVsueVy",
                                                        "conceptId": "Syntax.mkAdv/Prep->NP->Adv",
                                                        "kind": "Adv"
                                                    }
                                                ],
                                                "name": "Adv",
                                                "label": "Adv"
                                            }
                                        ],
                                        "type": "AMR",
                                        "srcId": "SqcBbXHMAyAQFBWznYHb",
                                        "conceptId": "Syntax.mkCN/CN->Adv->CN",
                                        "kind": "CN"
                                    }
                                ],
                                "name": "NP",
                                "label": "NP"
                            }
                        ],
                        "type": "AMR",
                        "srcId": "BEzrFnLvDLaqYonXjhdQ",
                        "conceptId": "Syntax.mkUtt/NP->Utt",
                        "kind": "Utt"
                    }
                ],
                "type": "Segment",
                "srcId": "rPJbdLbvZsXHMRsjwlIe"
            }
        ],
        "srcId": "uedLIJUuygfRghkY"
    }
}