{
    "id": "RHjFPxZUgclKJbPpqIXA",
    "uid": "1bde4074-9daa-4549-9d2f-71ffcbac7248",
    "name": "mkNP",
    "kind": "RGL",
    "examples": null,
    "blocklyXml": "<?xml version=\"1.0\" encoding=\"UTF-8\"?><xml xmlns=\"http://www.w3.org/1999/xhtml\"><variables/><block deletable=\"false\" id=\"TuOiiBDroIPYCFDk\" type=\"Document-plan\" x=\"260\" y=\"120\"><statement name=\"segments\"><block id=\"UZGpIjEFhBntimyC\" type=\"Segment\"><mutation value_count=\"1\" value_sequence=\"value_\"/><value name=\"value_0\"><block id=\"yKzKMyLpzhDzNFqsVGkn\" type=\"AMR\"><mutation concept_id=\"Syntax.mkNP/Pron-&gt;NP\" concept_kind=\"NP\" concept_label=\"mkNP\" roles=\"[{&quot;id&quot;:&quot;TCnwdUhtocljfSzA&quot;,&quot;fieldLabel&quot;:&quot;Pron&quot;,&quot;__typename&quot;:&quot;ThematicRole&quot;,&quot;fieldType&quot;:[&quot;List&quot;,&quot;Str&quot;,&quot;Pron&quot;]}]\"/><value name=\"TCnwdUhtocljfSzA\"><block id=\"maCcvuckhFozxxYpMOXu\" type=\"AMR\"><mutation concept_id=\"Syntax.it_Pron/Pron\" concept_kind=\"Pron\" concept_label=\"it_Pron\" roles=\"[]\"/></block></value></block></value></block></statement></block></xml>",
    "documentPlan": {
        "type": "Document-plan",
        "segments": [
            {
                "children": [
                    {
                        "roles": [
                            {
                                "children": [
                                    {
                                        "type": "AMR",
                                        "srcId": "maCcvuckhFozxxYpMOXu",
                                        "conceptId": "Syntax.it_Pron/Pron",
                                        "kind": "Pron"
                                    }
                                ],
                                "name": "Pron",
                                "label": "Pron"
                            }
                        ],
                        "type": "AMR",
                        "srcId": "yKzKMyLpzhDzNFqsVGkn",
                        "conceptId": "Syntax.mkNP/Pron->NP",
                        "kind": "NP"
                    }
                ],
                "type": "Segment",
                "srcId": "UZGpIjEFhBntimyC"
            }
        ],
        "srcId": "TuOiiBDroIPYCFDk"
    }
}