{
    "id": "rjCfDNJUiNKkiVJb",
    "uid": "e5963703-3545-4261-813c-7c10ffa649b0",
    "name": "Located AMR",
    "kind": "Document",
    "examples": null,
    "blocklyXml": "<?xml version=\"1.0\" encoding=\"UTF-8\"?><xml xmlns=\"http://www.w3.org/1999/xhtml\"><variables/><block deletable=\"false\" id=\"BmBBlQCYZBEzyKisZBzc\" type=\"Document-plan\" x=\"260\" y=\"120\"><statement name=\"segments\"><block id=\"jwJwVvdYpCEdlrdhdtNV\" type=\"Segment\"><mutation value_count=\"2\" value_sequence=\"value_\"/><value name=\"value_0\"><block id=\"bbGEIromlFmSsSpbwGLj\" type=\"AMR\"><mutation concept_id=\"kolfNQsDdhzhaEtx\" concept_kind=\"Utt\" concept_label=\"Located\" roles=\"[{&quot;id&quot;:&quot;KSYfUSVfuXjPTRXm&quot;,&quot;fieldLabel&quot;:&quot;Object&quot;,&quot;__typename&quot;:&quot;ThematicRole&quot;,&quot;fieldType&quot;:[&quot;List&quot;,&quot;Str&quot;,&quot;N&quot;]},{&quot;id&quot;:&quot;PNVLDHSCQYVmtDoU&quot;,&quot;fieldLabel&quot;:&quot;Location&quot;,&quot;__typename&quot;:&quot;ThematicRole&quot;,&quot;fieldType&quot;:[&quot;List&quot;,&quot;Str&quot;,&quot;N&quot;]}]\"/><value name=\"KSYfUSVfuXjPTRXm\"><block id=\"tSLXXArzahqprvAyxLnk\" type=\"Dictionary-item\"><mutation id=\"house_N_Eng\" name=\"house\" pos=\"N\"/></block></value><value name=\"PNVLDHSCQYVmtDoU\"><block id=\"tyKNBAvJyWqykFQdQxNf\" type=\"Dictionary-item\"><mutation id=\"hill_N_Eng\" name=\"hill\" pos=\"N\"/></block></value></block></value></block></statement></block></xml>",
    "documentPlan": {
        "type": "Document-plan",
        "segments": [
            {
                "children": [
                    {
                        "roles": [
                            {
                                "children": [
                                    {
                                        "name": "house",
                                        "type": "Dictionary-item",
                                        "srcId": "tSLXXArzahqprvAyxLnk",
                                        "kind": "N",
                                        "itemId": "house_N_Eng"
                                    }
                                ],
                                "name": "N",
                                "label": "Object"
                            },
                            {
                                "children": [
                                    {
                                        "name": "hill",
                                        "type": "Dictionary-item",
                                        "srcId": "tyKNBAvJyWqykFQdQxNf",
                                        "kind": "N",
                                        "itemId": "hill_N_Eng"
                                    }
                                ],
                                "name": "N",
                                "label": "Location"
                            }
                        ],
                        "type": "AMR",
                        "srcId": "bbGEIromlFmSsSpbwGLj",
                        "conceptId": "kolfNQsDdhzhaEtx",
                        "kind": "Utt"
                    }
                ],
                "type": "Segment",
                "srcId": "jwJwVvdYpCEdlrdhdtNV"
            }
        ],
        "srcId": "BmBBlQCYZBEzyKisZBzc"
    }
}