{
    "id": "TgfINxRKNHHzYmpq",
    "uid": "eb347479-d39e-4933-bc4a-b08fa0b2b5f3",
    "name": "Live",
    "kind": "AMR",
    "examples": null,
    "blocklyXml": "<?xml version=\"1.0\" encoding=\"UTF-8\"?><xml xmlns=\"http://www.w3.org/1999/xhtml\"><variables><variable type=\"\" id=\"^gqQ185!H(n#-#Fu5c6S\">Subject</variable></variables><block type=\"Document-plan\" id=\"rGCmwHDanzOOIUUF\" deletable=\"false\" x=\"260\" y=\"120\"><statement name=\"segments\"><block type=\"Segment\" id=\"tuisAhfWveCfDZEC\"><mutation value_count=\"2\" value_sequence=\"value_\"/><value name=\"value_0\"><block type=\"AMR\" id=\"wFdnKmmuAzsTIIRT\"><mutation concept_id=\"iGuZUkOYflqbqsZBRUAa\" concept_kind=\"S\" concept_label=\"mkS\" roles=\"[{&quot;id&quot;:&quot;wkVZmGxWADiFYhmN&quot;,&quot;fieldLabel&quot;:&quot;Cl&quot;,&quot;__typename&quot;:&quot;ThematicRole&quot;,&quot;fieldType&quot;:[&quot;List&quot;,&quot;Str&quot;,&quot;Unit&quot;,&quot;Pron&quot;,&quot;Comp&quot;,&quot;V2&quot;,&quot;Dig&quot;,&quot;VPSlash&quot;,&quot;Digits&quot;,&quot;Sub1000&quot;,&quot;NP&quot;,&quot;N3&quot;,&quot;Card&quot;,&quot;PN&quot;,&quot;VP&quot;,&quot;Quant&quot;,&quot;AP&quot;,&quot;Sub100&quot;,&quot;CN&quot;,&quot;Adv&quot;,&quot;Numeral&quot;,&quot;Digit&quot;,&quot;V&quot;,&quot;A2&quot;,&quot;N&quot;,&quot;N2&quot;,&quot;A&quot;,&quot;Det&quot;,&quot;Ord&quot;,&quot;Cl&quot;]}]\"/><value name=\"wkVZmGxWADiFYhmN\"><block type=\"AMR\" id=\"uKCiJgZOuRoBtHWW\"><mutation concept_id=\"UsaaTYejHnBccqclSyzZ\" concept_kind=\"Cl\" concept_label=\"mkCl\" roles=\"[{&quot;id&quot;:&quot;UfsahkVBAPDWmTsh&quot;,&quot;fieldLabel&quot;:&quot;NP&quot;,&quot;__typename&quot;:&quot;ThematicRole&quot;,&quot;fieldType&quot;:[&quot;List&quot;,&quot;Str&quot;,&quot;Unit&quot;,&quot;Pron&quot;,&quot;Dig&quot;,&quot;Digits&quot;,&quot;Sub1000&quot;,&quot;N3&quot;,&quot;Card&quot;,&quot;PN&quot;,&quot;Quant&quot;,&quot;Sub100&quot;,&quot;CN&quot;,&quot;Numeral&quot;,&quot;N&quot;,&quot;N2&quot;,&quot;Det&quot;,&quot;NP&quot;]},{&quot;id&quot;:&quot;nXUsDavdkdtXfAPD&quot;,&quot;fieldLabel&quot;:&quot;VP&quot;,&quot;__typename&quot;:&quot;ThematicRole&quot;,&quot;fieldType&quot;:[&quot;List&quot;,&quot;Str&quot;,&quot;Unit&quot;,&quot;Pron&quot;,&quot;Comp&quot;,&quot;V2&quot;,&quot;Dig&quot;,&quot;VPSlash&quot;,&quot;Digits&quot;,&quot;Sub1000&quot;,&quot;NP&quot;,&quot;N3&quot;,&quot;Card&quot;,&quot;PN&quot;,&quot;Quant&quot;,&quot;AP&quot;,&quot;Sub100&quot;,&quot;CN&quot;,&quot;Adv&quot;,&quot;Numeral&quot;,&quot;Digit&quot;,&quot;V&quot;,&quot;A2&quot;,&quot;N&quot;,&quot;N2&quot;,&quot;A&quot;,&quot;Det&quot;,&quot;Ord&quot;,&quot;VP&quot;]}]\"/><value name=\"UfsahkVBAPDWmTsh\"><block type=\"Get-var\" id=\"Uy-g(R32FzhlWYn:8O~u\"><field name=\"name\" id=\"^gqQ185!H(n#-#Fu5c6S\" variabletype=\"\">Subject</field></block></value><value name=\"nXUsDavdkdtXfAPD\"><block type=\"Dictionary-item\" id=\"NCiGRIifWgsSqBZb\"><mutation id=\"live_V_Eng\" name=\"live\" pos=\"V\"/></block></value></block></value></block></value></block></statement></block></xml>",
    "documentPlan": {
        "type": "Document-plan",
        "segments": [
            {
                "children": [
                    {
                        "roles": [
                            {
                                "children": [
                                    {
                                        "roles": [
                                            {
                                                "children": [
                                                    {
                                                        "name": "^gqQ185!H(n#-#Fu5c6S",
                                                        "type": "Get-var",
                                                        "srcId": "Uy-g(R32FzhlWYn:8O~u"
                                                    }
                                                ],
                                                "name": "NP",
                                                "label": "NP"
                                            },
                                            {
                                                "children": [
                                                    {
                                                        "name": "live",
                                                        "type": "Dictionary-item",
                                                        "srcId": "NCiGRIifWgsSqBZb",
                                                        "kind": "V",
                                                        "itemId": "live_V_Eng"
                                                    }
                                                ],
                                                "name": "VP",
                                                "label": "VP"
                                            }
                                        ],
                                        "type": "AMR",
                                        "srcId": "uKCiJgZOuRoBtHWW",
                                        "conceptId": "UsaaTYejHnBccqclSyzZ",
                                        "kind": "Cl"
                                    }
                                ],
                                "name": "Cl",
                                "label": "Cl"
                            }
                        ],
                        "type": "AMR",
                        "srcId": "wFdnKmmuAzsTIIRT",
                        "conceptId": "iGuZUkOYflqbqsZBRUAa",
                        "kind": "S"
                    }
                ],
                "type": "Segment",
                "srcId": "tuisAhfWveCfDZEC"
            }
        ],
        "srcId": "rGCmwHDanzOOIUUF"
    }
}