{
    "id": "tpCMalEcIisDRgXCmDDb",
    "uid": "758e5001-81c5-4ba7-9844-3d5f6e1e0f26",
    "name": "mkVP",
    "kind": "RGL",
    "examples": null,
    "blocklyXml": "<?xml version=\"1.0\" encoding=\"UTF-8\"?><xml xmlns=\"http://www.w3.org/1999/xhtml\"><variables><variable id=\"nczyDqWqOrtFySUT\" type=\"\">V2</variable></variables><block deletable=\"false\" id=\"sbalMsLNTnavcMvl\" type=\"Document-plan\" x=\"260\" y=\"120\"><statement name=\"segments\"><block id=\"ZOTuSjAAtaqRHQnG\" type=\"Segment\"><mutation value_count=\"1\" value_sequence=\"value_\"/><value name=\"value_0\"><block id=\"KJjsthkcTmqXeVCtuWZZ\" type=\"AMR\"><mutation concept_id=\"Syntax.passiveVP/V2-&gt;VP\" concept_kind=\"VP\" concept_label=\"passiveVP\" roles=\"[{&quot;id&quot;:&quot;IqAFNElDXVUKRrwt&quot;,&quot;fieldLabel&quot;:&quot;V2&quot;,&quot;__typename&quot;:&quot;ThematicRole&quot;,&quot;fieldType&quot;:[&quot;List&quot;,&quot;Str&quot;,&quot;V&quot;,&quot;V2&quot;]}]\"/><value name=\"IqAFNElDXVUKRrwt\"><block id=\"TMcOSbtEKQNHJmkX\" type=\"Get-var\"><field id=\"nczyDqWqOrtFySUT\" name=\"name\" variabletype=\"\">V2</field></block></value></block></value></block></statement></block></xml>",
    "documentPlan": {
        "type": "Document-plan",
        "segments": [
            {
                "children": [
                    {
                        "roles": [
                            {
                                "children": [
                                    {
                                        "name": "nczyDqWqOrtFySUT",
                                        "type": "Get-var",
                                        "srcId": "TMcOSbtEKQNHJmkX"
                                    }
                                ],
                                "name": "V2",
                                "label": "V2"
                            }
                        ],
                        "type": "AMR",
                        "srcId": "KJjsthkcTmqXeVCtuWZZ",
                        "conceptId": "Syntax.passiveVP/V2->VP",
                        "kind": "VP"
                    }
                ],
                "type": "Segment",
                "srcId": "ZOTuSjAAtaqRHQnG"
            }
        ],
        "srcId": "sbalMsLNTnavcMvl"
    }
}