{
    "id": "UsaaTYejHnBccqclSyzZ",
    "uid": "56a3b135-1831-44f2-8f06-0555b7eb4220",
    "name": "mkCl",
    "kind": "RGL",
    "examples": null,
    "blocklyXml": "<?xml version=\"1.0\" encoding=\"UTF-8\"?><xml xmlns=\"http://www.w3.org/1999/xhtml\"><variables><variable id=\"PflJyRjznsYRRvEk\" type=\"\">NP</variable><variable id=\"CBuZJONJTzFLQMDg\" type=\"\">VP</variable></variables><block deletable=\"false\" id=\"uKCiJgZOuRoBtHWW\" type=\"Document-plan\" x=\"260\" y=\"120\"><statement name=\"segments\"><block id=\"wWYbTyAibjTWjceK\" type=\"Segment\"><mutation value_count=\"1\" value_sequence=\"value_\"/><value name=\"value_0\"><block id=\"MqdbwqANcgNAQOhZtFqB\" type=\"AMR\"><mutation concept_id=\"Syntax.mkCl/NP-&gt;VP-&gt;Cl\" concept_kind=\"Cl\" concept_label=\"mkCl\" roles=\"[{&quot;id&quot;:&quot;HIsTtFjkLmYHHEJi&quot;,&quot;fieldLabel&quot;:&quot;NP&quot;,&quot;__typename&quot;:&quot;ThematicRole&quot;,&quot;fieldType&quot;:[&quot;List&quot;,&quot;Str&quot;,&quot;Unit&quot;,&quot;Pron&quot;,&quot;Dig&quot;,&quot;Digits&quot;,&quot;Sub1000&quot;,&quot;N3&quot;,&quot;Card&quot;,&quot;PN&quot;,&quot;Quant&quot;,&quot;Sub100&quot;,&quot;CN&quot;,&quot;Numeral&quot;,&quot;N&quot;,&quot;N2&quot;,&quot;Det&quot;,&quot;NP&quot;]},{&quot;id&quot;:&quot;OnYKeTFLTOJKLNeu&quot;,&quot;fieldLabel&quot;:&quot;VP&quot;,&quot;__typename&quot;:&quot;ThematicRole&quot;,&quot;fieldType&quot;:[&quot;List&quot;,&quot;Str&quot;,&quot;Unit&quot;,&quot;Pron&quot;,&quot;Comp&quot;,&quot;V2&quot;,&quot;Dig&quot;,&quot;VPSlash&quot;,&quot;Digits&quot;,&quot;Sub1000&quot;,&quot;NP&quot;,&quot;N3&quot;,&quot;Card&quot;,&quot;PN&quot;,&quot;Quant&quot;,&quot;AP&quot;,&quot;Sub100&quot;,&quot;CN&quot;,&quot;Adv&quot;,&quot;Numeral&quot;,&quot;Digit&quot;,&quot;V&quot;,&quot;A2&quot;,&quot;N&quot;,&quot;N2&quot;,&quot;A&quot;,&quot;Det&quot;,&quot;Ord&quot;,&quot;VP&quot;]}]\"/><value name=\"HIsTtFjkLmYHHEJi\"><block id=\"ckKoOHGmZTKSESEs\" type=\"Get-var\"><field id=\"PflJyRjznsYRRvEk\" name=\"name\" variabletype=\"\">NP</field></block></value><value name=\"OnYKeTFLTOJKLNeu\"><block id=\"ndRJQrXUPnTchZSY\" type=\"Get-var\"><field id=\"CBuZJONJTzFLQMDg\" name=\"name\" variabletype=\"\">VP</field></block></value></block></value></block></statement></block></xml>",
    "documentPlan": {
        "type": "Document-plan",
        "segments": [
            {
                "children": [
                    {
                        "roles": [
                            {
                                "children": [
                                    {
                                        "name": "PflJyRjznsYRRvEk",
                                        "type": "Get-var",
                                        "srcId": "ckKoOHGmZTKSESEs"
                                    }
                                ],
                                "name": "NP",
                                "label": "NP"
                            },
                            {
                                "children": [
                                    {
                                        "name": "CBuZJONJTzFLQMDg",
                                        "type": "Get-var",
                                        "srcId": "ndRJQrXUPnTchZSY"
                                    }
                                ],
                                "name": "VP",
                                "label": "VP"
                            }
                        ],
                        "type": "AMR",
                        "srcId": "MqdbwqANcgNAQOhZtFqB",
                        "conceptId": "Syntax.mkCl/NP->VP->Cl",
                        "kind": "Cl"
                    }
                ],
                "type": "Segment",
                "srcId": "wWYbTyAibjTWjceK"
            }
        ],
        "srcId": "uKCiJgZOuRoBtHWW"
    }
}