{
    "id": "XtSpIApkPmMUEVKD",
    "uid": "9eb00ef0-f37c-44f7-83ac-e93ec5539929",
    "name": "Called",
    "kind": "AMR",
    "examples": null,
    "blocklyXml": "<?xml version=\"1.0\" encoding=\"UTF-8\"?><xml xmlns=\"http://www.w3.org/1999/xhtml\"><variables><variable type=\"\" id=\"1G([4G]Z^zSBBVo8o?3w\">Subject</variable></variables><block type=\"Document-plan\" id=\"zJWmJfFAlKmprbox\" deletable=\"false\" x=\"260\" y=\"120\"><statement name=\"segments\"><block type=\"Segment\" id=\"APZtcrVrvRttTyFM\"><mutation value_count=\"2\" value_sequence=\"value_\"/><value name=\"value_0\"><block type=\"AMR\" id=\"nmciFeCpYnDMPMXa\"><mutation concept_id=\"iGuZUkOYflqbqsZBRUAa\" concept_kind=\"S\" concept_label=\"mkS\" roles=\"[{&quot;id&quot;:&quot;KTrJnfTwjMQfTBgX&quot;,&quot;fieldLabel&quot;:&quot;Cl&quot;,&quot;__typename&quot;:&quot;ThematicRole&quot;,&quot;fieldType&quot;:[&quot;List&quot;,&quot;Str&quot;,&quot;Unit&quot;,&quot;Pron&quot;,&quot;Comp&quot;,&quot;V2&quot;,&quot;Dig&quot;,&quot;VPSlash&quot;,&quot;Digits&quot;,&quot;Sub1000&quot;,&quot;NP&quot;,&quot;N3&quot;,&quot;Card&quot;,&quot;PN&quot;,&quot;VP&quot;,&quot;Quant&quot;,&quot;AP&quot;,&quot;Sub100&quot;,&quot;CN&quot;,&quot;Adv&quot;,&quot;Numeral&quot;,&quot;Digit&quot;,&quot;V&quot;,&quot;A2&quot;,&quot;N&quot;,&quot;N2&quot;,&quot;A&quot;,&quot;Det&quot;,&quot;Ord&quot;,&quot;Cl&quot;]}]\"/><value name=\"KTrJnfTwjMQfTBgX\"><block type=\"AMR\" id=\"uOzctwUTyKJiiVbH\"><mutation concept_id=\"UsaaTYejHnBccqclSyzZ\" concept_kind=\"Cl\" concept_label=\"mkCl\" roles=\"[{&quot;id&quot;:&quot;mVlXyxVXamfuOVhD&quot;,&quot;fieldLabel&quot;:&quot;NP&quot;,&quot;__typename&quot;:&quot;ThematicRole&quot;,&quot;fieldType&quot;:[&quot;List&quot;,&quot;Str&quot;,&quot;Unit&quot;,&quot;Pron&quot;,&quot;Dig&quot;,&quot;Digits&quot;,&quot;Sub1000&quot;,&quot;N3&quot;,&quot;Card&quot;,&quot;PN&quot;,&quot;Quant&quot;,&quot;Sub100&quot;,&quot;CN&quot;,&quot;Numeral&quot;,&quot;N&quot;,&quot;N2&quot;,&quot;Det&quot;,&quot;NP&quot;]},{&quot;id&quot;:&quot;JPQFiQldRDoWFxpU&quot;,&quot;fieldLabel&quot;:&quot;VP&quot;,&quot;__typename&quot;:&quot;ThematicRole&quot;,&quot;fieldType&quot;:[&quot;List&quot;,&quot;Str&quot;,&quot;Unit&quot;,&quot;Pron&quot;,&quot;Comp&quot;,&quot;V2&quot;,&quot;Dig&quot;,&quot;VPSlash&quot;,&quot;Digits&quot;,&quot;Sub1000&quot;,&quot;NP&quot;,&quot;N3&quot;,&quot;Card&quot;,&quot;PN&quot;,&quot;Quant&quot;,&quot;AP&quot;,&quot;Sub100&quot;,&quot;CN&quot;,&quot;Adv&quot;,&quot;Numeral&quot;,&quot;Digit&quot;,&quot;V&quot;,&quot;A2&quot;,&quot;N&quot;,&quot;N2&quot;,&quot;A&quot;,&quot;Det&quot;,&quot;Ord&quot;,&quot;VP&quot;]}]\"/><value name=\"mVlXyxVXamfuOVhD\"><block type=\"Get-var\" id=\"ip4eNE*+?dwrP/$yS}0L\"><field name=\"name\" id=\"1G([4G]Z^zSBBVo8o?3w\" variabletype=\"\">Subject</field></block></value><value name=\"JPQFiQldRDoWFxpU\"><block type=\"AMR\" id=\"sbalMsLNTnavcMvl\"><mutation concept_id=\"tpCMalEcIisDRgXCmDDb\" concept_kind=\"VP\" concept_label=\"mkVP\" roles=\"[{&quot;id&quot;:&quot;tsAXdvTiuGWpxNpB&quot;,&quot;fieldLabel&quot;:&quot;V2&quot;,&quot;__typename&quot;:&quot;ThematicRole&quot;,&quot;fieldType&quot;:[&quot;List&quot;,&quot;Str&quot;,&quot;V&quot;,&quot;V2&quot;]}]\"/><value name=\"tsAXdvTiuGWpxNpB\"><block type=\"Dictionary-item\" id=\"xAZVIQpIPaYjimpN\"><mutation id=\"call_V2_Eng\" name=\"call\" pos=\"V2\"/></block></value></block></value></block></value></block></value></block></statement></block></xml>",
    "documentPlan": {
        "type": "Document-plan",
        "segments": [
            {
                "children": [
                    {
                        "roles": [
                            {
                                "children": [
                                    {
                                        "roles": [
                                            {
                                                "children": [
                                                    {
                                                        "name": "1G([4G]Z^zSBBVo8o?3w",
                                                        "type": "Get-var",
                                                        "srcId": "ip4eNE*+?dwrP/$yS}0L"
                                                    }
                                                ],
                                                "name": "NP",
                                                "label": "NP"
                                            },
                                            {
                                                "children": [
                                                    {
                                                        "roles": [
                                                            {
                                                                "children": [
                                                                    {
                                                                        "name": "call",
                                                                        "type": "Dictionary-item",
                                                                        "srcId": "xAZVIQpIPaYjimpN",
                                                                        "kind": "V2",
                                                                        "itemId": "call_V2_Eng"
                                                                    }
                                                                ],
                                                                "name": "V2",
                                                                "label": "V2"
                                                            }
                                                        ],
                                                        "type": "AMR",
                                                        "srcId": "sbalMsLNTnavcMvl",
                                                        "conceptId": "tpCMalEcIisDRgXCmDDb",
                                                        "kind": "VP"
                                                    }
                                                ],
                                                "name": "VP",
                                                "label": "VP"
                                            }
                                        ],
                                        "type": "AMR",
                                        "srcId": "uOzctwUTyKJiiVbH",
                                        "conceptId": "UsaaTYejHnBccqclSyzZ",
                                        "kind": "Cl"
                                    }
                                ],
                                "name": "Cl",
                                "label": "Cl"
                            }
                        ],
                        "type": "AMR",
                        "srcId": "nmciFeCpYnDMPMXa",
                        "conceptId": "iGuZUkOYflqbqsZBRUAa",
                        "kind": "S"
                    }
                ],
                "type": "Segment",
                "srcId": "APZtcrVrvRttTyFM"
            }
        ],
        "srcId": "zJWmJfFAlKmprbox"
    }
}