{
    "id": "YCkudckwQFDRJfsNmxYU",
    "uid": "3fe6fd0c-3d72-4acd-902d-4a8ec89464dd",
    "name": "mkUtt",
    "kind": "RGL",
    "examples": null,
    "blocklyXml": "<?xml version=\"1.0\" encoding=\"UTF-8\"?><xml xmlns=\"http://www.w3.org/1999/xhtml\"><variables><variable id=\"MULUEBdIznquPAqe\" type=\"\">NP</variable></variables><block deletable=\"false\" id=\"NbwZeqHSytlMZocw\" type=\"Document-plan\" x=\"260\" y=\"120\"><statement name=\"segments\"><block id=\"xdoWPjlkiqEdRrfpCNGO\" type=\"Segment\"><mutation value_count=\"1\" value_sequence=\"value_\"/><value name=\"value_0\"><block id=\"JUVdgKIEezStpJQbLyvw\" type=\"AMR\"><mutation concept_id=\"Syntax.mkUtt/NP-&gt;Utt\" concept_kind=\"Utt\" concept_label=\"mkUtt\" roles=\"[{&quot;id&quot;:&quot;zsoFNuuvseBkGPIe&quot;,&quot;fieldLabel&quot;:&quot;NP&quot;,&quot;__typename&quot;:&quot;ThematicRole&quot;,&quot;fieldType&quot;:[&quot;List&quot;,&quot;Str&quot;,&quot;Unit&quot;,&quot;Pron&quot;,&quot;Dig&quot;,&quot;Digits&quot;,&quot;Sub1000&quot;,&quot;N3&quot;,&quot;Card&quot;,&quot;PN&quot;,&quot;Quant&quot;,&quot;Sub100&quot;,&quot;CN&quot;,&quot;Numeral&quot;,&quot;N&quot;,&quot;N2&quot;,&quot;Det&quot;,&quot;NP&quot;]}]\"/><value name=\"zsoFNuuvseBkGPIe\"><block id=\"zRCqHIpGQTIyidKJ\" type=\"Get-var\"><field id=\"MULUEBdIznquPAqe\" name=\"name\" variabletype=\"\">NP</field></block></value></block></value></block></statement></block></xml>",
    "documentPlan": {
        "type": "Document-plan",
        "segments": [
            {
                "children": [
                    {
                        "roles": [
                            {
                                "children": [
                                    {
                                        "name": "MULUEBdIznquPAqe",
                                        "type": "Get-var",
                                        "srcId": "zRCqHIpGQTIyidKJ"
                                    }
                                ],
                                "name": "NP",
                                "label": "NP"
                            }
                        ],
                        "type": "AMR",
                        "srcId": "JUVdgKIEezStpJQbLyvw",
                        "conceptId": "Syntax.mkUtt/NP->Utt",
                        "kind": "Utt"
                    }
                ],
                "type": "Segment",
                "srcId": "xdoWPjlkiqEdRrfpCNGO"
            }
        ],
        "srcId": "NbwZeqHSytlMZocw"
    }
}