{
    "id": "YuJOFYIChrxptTtppPjV",
    "uid": "cd764fc1-be4e-4b1c-b5d1-7fb147479205",
    "name": "mkUtt",
    "kind": "RGL",
    "examples": null,
    "blocklyXml": "<?xml version=\"1.0\" encoding=\"UTF-8\"?><xml xmlns=\"http://www.w3.org/1999/xhtml\"><variables><variable type=\"\" id=\"IrPIpLUbvdozNTqg\">CN</variable></variables><block type=\"Document-plan\" id=\"ChvLVHJzXTXassMx\" deletable=\"false\" x=\"260\" y=\"120\"><statement name=\"segments\"><block type=\"Segment\" id=\"BSsaQSDeJowIbgPSmNbM\"><mutation value_count=\"1\" value_sequence=\"value_\"/><value name=\"value_0\"><block type=\"AMR\" id=\"HImJUigvhAfawtjqRNra\"><mutation concept_id=\"Syntax.mkUtt/CN-&gt;Utt\" concept_kind=\"Utt\" concept_label=\"mkUtt\" roles=\"[{&quot;id&quot;:&quot;QQkLkaMgzXBNVieQ&quot;,&quot;fieldLabel&quot;:&quot;CN&quot;,&quot;__typename&quot;:&quot;ThematicRole&quot;,&quot;fieldType&quot;:[&quot;List&quot;,&quot;Str&quot;,&quot;N3&quot;,&quot;N&quot;,&quot;N2&quot;,&quot;CN&quot;]}]\"/><value name=\"QQkLkaMgzXBNVieQ\"><block type=\"Get-var\" id=\"vwURkbYkCSDGGrJu\"><field name=\"name\" id=\"IrPIpLUbvdozNTqg\" variabletype=\"\">CN</field></block></value></block></value></block></statement></block></xml>",
    "documentPlan": {
        "type": "Document-plan",
        "segments": [
            {
                "children": [
                    {
                        "roles": [
                            {
                                "children": [
                                    {
                                        "name": "IrPIpLUbvdozNTqg",
                                        "type": "Get-var",
                                        "srcId": "vwURkbYkCSDGGrJu"
                                    }
                                ],
                                "name": "CN",
                                "label": "CN"
                            }
                        ],
                        "type": "AMR",
                        "srcId": "HImJUigvhAfawtjqRNra",
                        "conceptId": "Syntax.mkUtt/CN->Utt",
                        "kind": "Utt"
                    }
                ],
                "type": "Segment",
                "srcId": "BSsaQSDeJowIbgPSmNbM"
            }
        ],
        "srcId": "ChvLVHJzXTXassMx"
    }
}