{
    "id": "zJhkbuGkamhKmJxr",
    "uid": "71e2f9f2-044b-49e2-a9c1-f06d0a1faf9c",
    "name": "House description",
    "kind": "Document",
    "examples": null,
    "blocklyXml": "<?xml version=\"1.0\" encoding=\"UTF-8\"?><xml xmlns=\"http://www.w3.org/1999/xhtml\"><block type=\"Document-plan\" id=\"nKp,3Zb]+tAdy=`y{/o5\" deletable=\"false\" x=\"518\" y=\"149\"><statement name=\"segments\"><block type=\"Segment\" id=\"%Jq)hPl_4)sxaQ(GAg(7\"><mutation value_count=\"2\" value_sequence=\"value_\"/><value name=\"value_0\"><block type=\"Dictionary-item-modifier\" id=\"cQ2MHW|YDtmXF65|[i-o\"><mutation id=\"house_N_Eng\" name=\"house\" pos=\"N\"/><value name=\"child\"><block type=\"Dictionary-item-modifier\" id=\"bJVSZH7yBhx[;no)mD0L\"><mutation id=\"on_Prep_Eng\" name=\"on\" pos=\"Prep\"/><value name=\"child\"><block type=\"Dictionary-item-modifier\" id=\"+F(`VJE?ZD[K@F7d]!@c\"><mutation id=\"the_Det_Eng\" name=\"the\" pos=\"Det\"/><value name=\"child\"><block type=\"Dictionary-item\" id=\")?y%I9ktC!M6`%poMjN0\"><mutation id=\"hill_N_Eng\" name=\"hill\" pos=\"N\"/></block></value></block></value></block></value></block></value></block></statement></block></xml>",
    "documentPlan": {
        "type": "Document-plan",
        "segments": [
            {
                "children": [
                    {
                        "name": "house",
                        "type": "Dictionary-item-modifier",
                        "srcId": "cQ2MHW|YDtmXF65|[i-o",
                        "kind": "N",
                        "child": {
                            "name": "on",
                            "type": "Dictionary-item-modifier",
                            "srcId": "bJVSZH7yBhx[;no)mD0L",
                            "kind": "Prep",
                            "child": {
                                "name": "the",
                                "type": "Dictionary-item-modifier",
                                "srcId": "+F(`VJE?ZD[K@F7d]!@c",
                                "kind": "Det",
                                "child": {
                                    "name": "hill",
                                    "type": "Dictionary-item",
                                    "srcId": ")?y%I9ktC!M6`%poMjN0",
                                    "kind": "N",
                                    "itemId": "hill_N_Eng"
                                },
                                "itemId": "the_Det_Eng"
                            },
                            "itemId": "on_Prep_Eng"
                        },
                        "itemId": "house_N_Eng"
                    }
                ],
                "type": "Segment",
                "srcId": "%Jq)hPl_4)sxaQ(GAg(7"
            }
        ],
        "srcId": "nKp,3Zb]+tAdy=`y{/o5"
    }
}